host,timestamp,metricType,value
HOST-115AF0E56D335A15,2025-04-26 13:01:00,CPU Usage %,0.7639872233072916
HOST-115AF0E56D335A15,2025-04-26 13:01:00,Disk Usage %,40.028363121880425
HOST-115AF0E56D335A15,2025-04-26 13:01:00,Memory Usage %,37.81281534830729
HOST-115AF0E56D335A15,2025-04-26 13:01:00,readOps Usage %,0.06573325395584106
HOST-115AF0E56D335A15,2025-04-26 13:01:00,writeOps Usage %,6.252622710333931
HOST-115AF0E56D335A15,2025-04-26 13:02:00,CPU Usage %,1.046295166015625
HOST-115AF0E56D335A15,2025-04-26 13:02:00,Disk Usage %,40.02793078952365
HOST-115AF0E56D335A15,2025-04-26 13:02:00,Memory Usage %,37.736246744791664
HOST-115AF0E56D335A15,2025-04-26 13:02:00,readOps Usage %,0.3090603748957316
HOST-115AF0E56D335A15,2025-04-26 13:02:00,writeOps Usage %,6.2779695126745425
HOST-115AF0E56D335A15,2025-04-26 13:03:00,CPU Usage %,1.1142069498697917
HOST-115AF0E56D335A15,2025-04-26 13:03:00,Disk Usage %,40.025577545166016
HOST-115AF0E56D335A15,2025-04-26 13:03:00,Memory Usage %,37.73714701334635
HOST-115AF0E56D335A15,2025-04-26 13:03:00,readOps Usage %,0.03313819939891497
HOST-115AF0E56D335A15,2025-04-26 13:03:00,writeOps Usage %,5.0932722091674805
HOST-115AF0E56D335A15,2025-04-26 13:04:00,CPU Usage %,0.6767679850260416
HOST-115AF0E56D335A15,2025-04-26 13:04:00,Disk Usage %,40.027222103542755
HOST-115AF0E56D335A15,2025-04-26 13:04:00,Memory Usage %,37.70973205566406
HOST-115AF0E56D335A15,2025-04-26 13:04:00,readOps Usage %,0.08251642187436421
HOST-115AF0E56D335A15,2025-04-26 13:04:00,writeOps Usage %,4.581079953246646
HOST-115AF0E56D335A15,2025-04-26 13:05:00,CPU Usage %,1.372467041015625
HOST-115AF0E56D335A15,2025-04-26 13:05:00,Disk Usage %,40.03118642171224
HOST-115AF0E56D335A15,2025-04-26 13:05:00,Memory Usage %,37.73640441894531
HOST-115AF0E56D335A15,2025-04-26 13:05:00,readOps Usage %,0.02506708602110545
HOST-115AF0E56D335A15,2025-04-26 13:05:00,writeOps Usage %,4.79945871565077
HOST-115AF0E56D335A15,2025-04-26 13:06:00,CPU Usage %,3.3170878092447915
HOST-115AF0E56D335A15,2025-04-26 13:06:00,Disk Usage %,40.03296788533529
HOST-115AF0E56D335A15,2025-04-26 13:06:00,Memory Usage %,37.7411142985026
HOST-115AF0E56D335A15,2025-04-26 13:06:00,readOps Usage %,0.0
HOST-115AF0E56D335A15,2025-04-26 13:06:00,writeOps Usage %,6.223776181538899
HOST-115AF0E56D335A15,2025-04-26 13:07:00,CPU Usage %,0.83087158203125
HOST-115AF0E56D335A15,2025-04-26 13:07:00,Disk Usage %,40.032464345296226
HOST-115AF0E56D335A15,2025-04-26 13:07:00,Memory Usage %,37.729044596354164
HOST-115AF0E56D335A15,2025-04-26 13:07:00,readOps Usage %,0.3095082640647888
HOST-115AF0E56D335A15,2025-04-26 13:07:00,writeOps Usage %,5.830370015568203
HOST-115AF0E56D335A15,2025-04-26 13:08:00,CPU Usage %,0.9011942545572916
HOST-115AF0E56D335A15,2025-04-26 13:08:00,Disk Usage %,40.030145009358726
HOST-115AF0E56D335A15,2025-04-26 13:08:00,Memory Usage %,37.72032674153646
HOST-115AF0E56D335A15,2025-04-26 13:08:00,readOps Usage %,0.08355056246121724
HOST-115AF0E56D335A15,2025-04-26 13:08:00,writeOps Usage %,4.553635974725087
HOST-115AF0E56D335A15,2025-04-26 13:09:00,CPU Usage %,0.821990966796875
HOST-115AF0E56D335A15,2025-04-26 13:09:00,Disk Usage %,40.031040615505646
HOST-115AF0E56D335A15,2025-04-26 13:09:00,Memory Usage %,37.723795572916664
HOST-115AF0E56D335A15,2025-04-26 13:09:00,readOps Usage %,0.0
HOST-115AF0E56D335A15,2025-04-26 13:09:00,writeOps Usage %,4.644655015733506
HOST-115AF0E56D335A15,2025-04-26 13:10:00,CPU Usage %,0.9461466471354166
HOST-115AF0E56D335A15,2025-04-26 13:10:00,Disk Usage %,40.03144878811307
HOST-115AF0E56D335A15,2025-04-26 13:10:00,Memory Usage %,37.7055409749349
HOST-115AF0E56D335A15,2025-04-26 13:10:00,readOps Usage %,0.0
HOST-115AF0E56D335A15,2025-04-26 13:10:00,writeOps Usage %,5.7641167110866975
HOST-115AF0E56D335A15,2025-04-26 13:11:00,CPU Usage %,0.66436767578125
HOST-115AF0E56D335A15,2025-04-26 13:11:00,Disk Usage %,40.033159467909066
HOST-115AF0E56D335A15,2025-04-26 13:11:00,Memory Usage %,37.6838124593099
HOST-115AF0E56D335A15,2025-04-26 13:11:00,readOps Usage %,0.0
HOST-115AF0E56D335A15,2025-04-26 13:11:00,writeOps Usage %,5.331571473015679
HOST-115AF0E56D335A15,2025-04-26 13:12:00,CPU Usage %,0.83367919921875
HOST-115AF0E56D335A15,2025-04-26 13:12:00,Disk Usage %,40.0327271355523
HOST-115AF0E56D335A15,2025-04-26 13:12:00,Memory Usage %,37.70727030436198
HOST-115AF0E56D335A15,2025-04-26 13:12:00,readOps Usage %,0.32572440306345624
HOST-115AF0E56D335A15,2025-04-26 13:12:00,writeOps Usage %,5.707787242200639
HOST-115AF0E56D335A15,2025-04-26 13:13:00,CPU Usage %,0.780853271484375
HOST-115AF0E56D335A15,2025-04-26 13:13:00,Disk Usage %,40.03041797214084
HOST-115AF0E56D335A15,2025-04-26 13:13:00,Memory Usage %,37.72017923990885
HOST-115AF0E56D335A15,2025-04-26 13:13:00,readOps Usage %,0.19273342688878378
HOST-115AF0E56D335A15,2025-04-26 13:13:00,writeOps Usage %,4.829851468404134
HOST-115AF0E56D335A15,2025-04-26 13:14:00,CPU Usage %,1.62481689453125
HOST-115AF0E56D335A15,2025-04-26 13:14:00,Disk Usage %,40.03132332695855
HOST-115AF0E56D335A15,2025-04-26 13:14:00,Memory Usage %,37.73902893066406
HOST-115AF0E56D335A15,2025-04-26 13:14:00,readOps Usage %,3.355631192525228
HOST-115AF0E56D335A15,2025-04-26 13:14:00,writeOps Usage %,13.164744324154325
HOST-115AF0E56D335A15,2025-04-26 13:15:00,CPU Usage %,1.4542744954427083
HOST-115AF0E56D335A15,2025-04-26 13:15:00,Disk Usage %,40.0318489074707
HOST-115AF0E56D335A15,2025-04-26 13:15:00,Memory Usage %,37.77184549967448
HOST-115AF0E56D335A15,2025-04-26 13:15:00,readOps Usage %,0.008207754542430242
HOST-115AF0E56D335A15,2025-04-26 13:15:00,writeOps Usage %,12.573673135704466
HOST-115AF0E56D335A15,2025-04-26 13:16:00,CPU Usage %,3.541107177734375
HOST-115AF0E56D335A15,2025-04-26 13:16:00,Disk Usage %,40.0339478386773
HOST-115AF0E56D335A15,2025-04-26 13:16:00,Memory Usage %,37.82128397623698
HOST-115AF0E56D335A15,2025-04-26 13:16:00,readOps Usage %,0.00845337100327015
HOST-115AF0E56D335A15,2025-04-26 13:16:00,writeOps Usage %,5.857261445787217
HOST-115AF0E56D335A15,2025-04-26 13:17:00,CPU Usage %,0.8963623046875
HOST-115AF0E56D335A15,2025-04-26 13:17:00,Disk Usage %,40.032769521077476
HOST-115AF0E56D335A15,2025-04-26 13:17:00,Memory Usage %,37.82459513346354
HOST-115AF0E56D335A15,2025-04-26 13:17:00,readOps Usage %,0.3177056908607483
HOST-115AF0E56D335A15,2025-04-26 13:17:00,writeOps Usage %,5.700008915530311
HOST-115AF0E56D335A15,2025-04-26 13:18:00,CPU Usage %,0.9498494466145834
HOST-115AF0E56D335A15,2025-04-26 13:18:00,Disk Usage %,40.030458662245
HOST-115AF0E56D335A15,2025-04-26 13:18:00,Memory Usage %,37.814595540364586
HOST-115AF0E56D335A15,2025-04-26 13:18:00,readOps Usage %,0.01663173983494441
HOST-115AF0E56D335A15,2025-04-26 13:18:00,writeOps Usage %,4.728496339586046
HOST-115AF0E56D335A15,2025-04-26 13:19:00,CPU Usage %,0.81689453125
HOST-115AF0E56D335A15,2025-04-26 13:19:00,Disk Usage %,40.0314080980089
HOST-115AF0E56D335A15,2025-04-26 13:19:00,Memory Usage %,37.794158935546875
HOST-115AF0E56D335A15,2025-04-26 13:19:00,readOps Usage %,0.07612667481104533
HOST-115AF0E56D335A15,2025-04-26 13:19:00,writeOps Usage %,5.184492409229279
HOST-115AF0E56D335A15,2025-04-26 13:20:00,CPU Usage %,1.52294921875
HOST-115AF0E56D335A15,2025-04-26 13:20:00,Disk Usage %,40.031555599636505
HOST-115AF0E56D335A15,2025-04-26 13:20:00,Memory Usage %,37.7990976969401
HOST-115AF0E56D335A15,2025-04-26 13:20:00,readOps Usage %,0.1963286598523458
HOST-115AF0E56D335A15,2025-04-26 13:20:00,writeOps Usage %,22.357351620992024
HOST-115AF0E56D335A15,2025-04-26 13:21:00,CPU Usage %,1.9263712565104167
HOST-115AF0E56D335A15,2025-04-26 13:21:00,Disk Usage %,40.03251690334744
HOST-115AF0E56D335A15,2025-04-26 13:21:00,Memory Usage %,37.73453267415365
HOST-115AF0E56D335A15,2025-04-26 13:21:00,readOps Usage %,0.0
HOST-115AF0E56D335A15,2025-04-26 13:21:00,writeOps Usage %,35.182185941272316
HOST-115AF0E56D335A15,2025-04-26 13:22:00,CPU Usage %,0.9596964518229166
HOST-115AF0E56D335A15,2025-04-26 13:22:00,Disk Usage %,40.032889895968964
HOST-115AF0E56D335A15,2025-04-26 13:22:00,Memory Usage %,37.7491200764974
HOST-115AF0E56D335A15,2025-04-26 13:22:00,readOps Usage %,0.3093902866045634
HOST-115AF0E56D335A15,2025-04-26 13:22:00,writeOps Usage %,5.930082533094619
HOST-115AF0E56D335A15,2025-04-26 13:23:00,CPU Usage %,0.6865641276041666
HOST-115AF0E56D335A15,2025-04-26 13:23:00,Disk Usage %,40.03054851955838
HOST-115AF0E56D335A15,2025-04-26 13:23:00,Memory Usage %,37.748270670572914
HOST-115AF0E56D335A15,2025-04-26 13:23:00,readOps Usage %,0.08424315849939983
HOST-115AF0E56D335A15,2025-04-26 13:23:00,writeOps Usage %,5.242214527395037
HOST-115AF0E56D335A15,2025-04-26 13:24:00,CPU Usage %,0.809967041015625
HOST-115AF0E56D335A15,2025-04-26 13:24:00,Disk Usage %,40.031472524007164
HOST-115AF0E56D335A15,2025-04-26 13:24:00,Memory Usage %,37.75553894042969
HOST-115AF0E56D335A15,2025-04-26 13:24:00,readOps Usage %,0.0
HOST-115AF0E56D335A15,2025-04-26 13:24:00,writeOps Usage %,4.372811860508389
HOST-115AF0E56D335A15,2025-04-26 13:25:00,CPU Usage %,1.3349507649739583
HOST-115AF0E56D335A15,2025-04-26 13:25:00,Disk Usage %,40.03182686699761
HOST-115AF0E56D335A15,2025-04-26 13:25:00,Memory Usage %,37.74415588378906
HOST-115AF0E56D335A15,2025-04-26 13:25:00,readOps Usage %,0.05823034048080444
HOST-115AF0E56D335A15,2025-04-26 13:25:00,writeOps Usage %,6.807857851187388
HOST-115AF0E56D335A15,2025-04-26 13:26:00,CPU Usage %,3.7630513509114585
HOST-115AF0E56D335A15,2025-04-26 13:26:00,Disk Usage %,40.03362909952799
HOST-115AF0E56D335A15,2025-04-26 13:26:00,Memory Usage %,37.86199951171875
HOST-115AF0E56D335A15,2025-04-26 13:26:00,readOps Usage %,0.2005213548739751
HOST-115AF0E56D335A15,2025-04-26 13:26:00,writeOps Usage %,9.617470078998142
HOST-115AF0E56D335A15,2025-04-26 13:27:00,CPU Usage %,0.9262288411458334
HOST-115AF0E56D335A15,2025-04-26 13:27:00,Disk Usage %,40.033257802327476
HOST-115AF0E56D335A15,2025-04-26 13:27:00,Memory Usage %,37.846781412760414
HOST-115AF0E56D335A15,2025-04-26 13:27:00,readOps Usage %,0.333091934521993
HOST-115AF0E56D335A15,2025-04-26 13:27:00,writeOps Usage %,5.972311735153198
HOST-115AF0E56D335A15,2025-04-26 13:28:00,CPU Usage %,0.9360555013020834
HOST-115AF0E56D335A15,2025-04-26 13:28:00,Disk Usage %,40.0308960808648
HOST-115AF0E56D335A15,2025-04-26 13:28:00,Memory Usage %,37.774739583333336
HOST-115AF0E56D335A15,2025-04-26 13:28:00,readOps Usage %,0.15018232663472494
HOST-115AF0E56D335A15,2025-04-26 13:28:00,writeOps Usage %,5.130532436900669
HOST-115AF0E56D335A15,2025-04-26 13:29:00,CPU Usage %,1.8471476236979167
HOST-115AF0E56D335A15,2025-04-26 13:29:00,Disk Usage %,40.03166580200195
HOST-115AF0E56D335A15,2025-04-26 13:29:00,Memory Usage %,37.765909830729164
HOST-115AF0E56D335A15,2025-04-26 13:29:00,readOps Usage %,0.07450218002001444
HOST-115AF0E56D335A15,2025-04-26 13:29:00,writeOps Usage %,22.723121100001865
HOST-115AF0E56D335A15,2025-04-26 13:30:00,CPU Usage %,1.29107666015625
HOST-115AF0E56D335A15,2025-04-26 13:30:00,Disk Usage %,40.02915488349067
HOST-115AF0E56D335A15,2025-04-26 13:30:00,Memory Usage %,37.77534484863281
HOST-115AF0E56D335A15,2025-04-26 13:30:00,readOps Usage %,0.0
HOST-115AF0E56D335A15,2025-04-26 13:30:00,writeOps Usage %,5.95709768931071
HOST-115AF0E56D335A15,2025-04-26 13:31:00,CPU Usage %,1.4888916015625
HOST-115AF0E56D335A15,2025-04-26 13:31:00,Disk Usage %,40.020277659098305
HOST-115AF0E56D335A15,2025-04-26 13:31:00,Memory Usage %,37.78296915690104
HOST-115AF0E56D335A15,2025-04-26 13:31:00,readOps Usage %,0.09311932325363159
HOST-115AF0E56D335A15,2025-04-26 13:31:00,writeOps Usage %,11.24383905198839
HOST-115AF0E56D335A15,2025-04-26 13:32:00,CPU Usage %,1.0895589192708333
HOST-115AF0E56D335A15,2025-04-26 13:32:00,Disk Usage %,40.02010642157661
HOST-115AF0E56D335A15,2025-04-26 13:32:00,Memory Usage %,37.76225789388021
HOST-115AF0E56D335A15,2025-04-26 13:32:00,readOps Usage %,0.3096346656481425
HOST-115AF0E56D335A15,2025-04-26 13:32:00,writeOps Usage %,6.4091847737630205
HOST-115AF0E56D335A15,2025-04-26 13:33:00,CPU Usage %,0.8996480305989584
HOST-115AF0E56D335A15,2025-04-26 13:33:00,Disk Usage %,40.0182991027832
HOST-115AF0E56D335A15,2025-04-26 13:33:00,Memory Usage %,37.771402994791664
HOST-115AF0E56D335A15,2025-04-26 13:33:00,readOps Usage %,0.01667500411470731
HOST-115AF0E56D335A15,2025-04-26 13:33:00,writeOps Usage %,6.090805424584283
HOST-115AF0E56D335A15,2025-04-26 13:34:00,CPU Usage %,2.2590738932291665
HOST-115AF0E56D335A15,2025-04-26 13:34:00,Disk Usage %,40.01930830213759
HOST-115AF0E56D335A15,2025-04-26 13:34:00,Memory Usage %,37.8022206624349
HOST-115AF0E56D335A15,2025-04-26 13:34:00,readOps Usage %,0.18365949392318726
HOST-115AF0E56D335A15,2025-04-26 13:34:00,writeOps Usage %,9.765841166178385
HOST-115AF0E56D335A15,2025-04-26 13:35:00,CPU Usage %,1.4231363932291667
HOST-115AF0E56D335A15,2025-04-26 13:35:00,Disk Usage %,40.02003733317057
HOST-115AF0E56D335A15,2025-04-26 13:35:00,Memory Usage %,37.81963602701823
HOST-115AF0E56D335A15,2025-04-26 13:35:00,readOps Usage %,0.008245110511779785
HOST-115AF0E56D335A15,2025-04-26 13:35:00,writeOps Usage %,6.498690207799275
HOST-115AF0E56D335A15,2025-04-26 13:36:00,CPU Usage %,4.892069498697917
HOST-115AF0E56D335A15,2025-04-26 13:36:00,Disk Usage %,40.022682189941406
HOST-115AF0E56D335A15,2025-04-26 13:36:00,Memory Usage %,37.87987263997396
HOST-115AF0E56D335A15,2025-04-26 13:36:00,readOps Usage %,0.05100479225317637
HOST-115AF0E56D335A15,2025-04-26 13:36:00,writeOps Usage %,8.3287366827329
HOST-115AF0E56D335A15,2025-04-26 13:37:00,CPU Usage %,3.398956298828125
HOST-115AF0E56D335A15,2025-04-26 13:37:00,Disk Usage %,40.02227698432075
HOST-115AF0E56D335A15,2025-04-26 13:37:00,Memory Usage %,38.08137512207031
HOST-115AF0E56D335A15,2025-04-26 13:37:00,readOps Usage %,0.22750096023082733
HOST-115AF0E56D335A15,2025-04-26 13:37:00,writeOps Usage %,10.561051262749565
HOST-115AF0E56D335A15,2025-04-26 13:38:00,CPU Usage %,2.1919657389322915
HOST-115AF0E56D335A15,2025-04-26 13:38:00,Disk Usage %,40.02008650037977
HOST-115AF0E56D335A15,2025-04-26 13:38:00,Memory Usage %,38.100606282552086
HOST-115AF0E56D335A15,2025-04-26 13:38:00,readOps Usage %,0.08443093299865723
HOST-115AF0E56D335A15,2025-04-26 13:38:00,writeOps Usage %,13.072091420491537
HOST-115AF0E56D335A15,2025-04-26 13:39:00,CPU Usage %,1.3289896647135417
HOST-115AF0E56D335A15,2025-04-26 13:39:00,Disk Usage %,40.0210215250651
HOST-115AF0E56D335A15,2025-04-26 13:39:00,Memory Usage %,38.00892130533854
HOST-115AF0E56D335A15,2025-04-26 13:39:00,readOps Usage %,0.0
HOST-115AF0E56D335A15,2025-04-26 13:39:00,writeOps Usage %,6.157963222927517
HOST-115AF0E56D335A15,2025-04-26 13:40:00,CPU Usage %,0.9608154296875
HOST-115AF0E56D335A15,2025-04-26 13:40:00,Disk Usage %,40.02144114176432
HOST-115AF0E56D335A15,2025-04-26 13:40:00,Memory Usage %,38.0059814453125
HOST-115AF0E56D335A15,2025-04-26 13:40:00,readOps Usage %,0.016596959282954533
HOST-115AF0E56D335A15,2025-04-26 13:40:00,writeOps Usage %,5.456911034054226
HOST-115AF0E56D335A15,2025-04-26 13:41:00,CPU Usage %,0.9492899576822916
HOST-115AF0E56D335A15,2025-04-26 13:41:00,Disk Usage %,40.02361170450846
HOST-115AF0E56D335A15,2025-04-26 13:41:00,Memory Usage %,38.02686055501302
HOST-115AF0E56D335A15,2025-04-26 13:41:00,readOps Usage %,0.10835231343905131
HOST-115AF0E56D335A15,2025-04-26 13:41:00,writeOps Usage %,5.467699156867133
HOST-115AF0E56D335A15,2025-04-26 13:42:00,CPU Usage %,0.8050130208333334
HOST-115AF0E56D335A15,2025-04-26 13:42:00,Disk Usage %,40.024952782524956
HOST-115AF0E56D335A15,2025-04-26 13:42:00,Memory Usage %,38.058929443359375
HOST-115AF0E56D335A15,2025-04-26 13:42:00,readOps Usage %,0.3001609643300374
HOST-115AF0E56D335A15,2025-04-26 13:42:00,writeOps Usage %,6.224404692649841
HOST-115AF0E56D335A15,2025-04-26 13:43:00,CPU Usage %,0.6779378255208334
HOST-115AF0E56D335A15,2025-04-26 13:43:00,Disk Usage %,40.02265548706055
HOST-115AF0E56D335A15,2025-04-26 13:43:00,Memory Usage %,38.06468709309896
HOST-115AF0E56D335A15,2025-04-26 13:43:00,readOps Usage %,0.10000334183375041
HOST-115AF0E56D335A15,2025-04-26 13:43:00,writeOps Usage %,4.622631788253784
HOST-115AF0E56D335A15,2025-04-26 13:44:00,CPU Usage %,1.6178792317708333
HOST-115AF0E56D335A15,2025-04-26 13:44:00,Disk Usage %,40.02351506551107
HOST-115AF0E56D335A15,2025-04-26 13:44:00,Memory Usage %,38.00958760579427
HOST-115AF0E56D335A15,2025-04-26 13:44:00,readOps Usage %,0.0
HOST-115AF0E56D335A15,2025-04-26 13:44:00,writeOps Usage %,7.938549465603299
HOST-115AF0E56D335A15,2025-04-26 13:45:00,CPU Usage %,2.1444295247395835
HOST-115AF0E56D335A15,2025-04-26 13:45:00,Disk Usage %,40.023933834499786
HOST-115AF0E56D335A15,2025-04-26 13:45:00,Memory Usage %,38.04157002766927
HOST-115AF0E56D335A15,2025-04-26 13:45:00,readOps Usage %,0.008321683232982954
HOST-115AF0E56D335A15,2025-04-26 13:45:00,writeOps Usage %,8.068544175889757
HOST-115AF0E56D335A15,2025-04-26 13:46:00,CPU Usage %,3.071044921875
HOST-115AF0E56D335A15,2025-04-26 13:46:00,Disk Usage %,40.02567460801867
HOST-115AF0E56D335A15,2025-04-26 13:46:00,Memory Usage %,38.04411824544271
HOST-115AF0E56D335A15,2025-04-26 13:46:00,readOps Usage %,0.00825572945177555
HOST-115AF0E56D335A15,2025-04-26 13:46:00,writeOps Usage %,8.198402030600443
HOST-115AF0E56D335A15,2025-04-26 13:47:00,CPU Usage %,4.6605224609375
HOST-115AF0E56D335A15,2025-04-26 13:47:00,Disk Usage %,40.02534061008029
HOST-115AF0E56D335A15,2025-04-26 13:47:00,Memory Usage %,38.017974853515625
HOST-115AF0E56D335A15,2025-04-26 13:47:00,readOps Usage %,0.2885891894499461
HOST-115AF0E56D335A15,2025-04-26 13:47:00,writeOps Usage %,122.53004021114772
HOST-115AF0E56D335A15,2025-04-26 13:48:00,CPU Usage %,0.9654947916666666
HOST-115AF0E56D335A15,2025-04-26 13:48:00,Disk Usage %,40.02346589830187
HOST-115AF0E56D335A15,2025-04-26 13:48:00,Memory Usage %,37.9947255452474
HOST-115AF0E56D335A15,2025-04-26 13:48:00,readOps Usage %,0.016705088317394257
HOST-115AF0E56D335A15,2025-04-26 13:48:00,writeOps Usage %,5.8686628341674805
HOST-115AF0E56D335A15,2025-04-26 13:49:00,CPU Usage %,1.4204203287760417
HOST-115AF0E56D335A15,2025-04-26 13:49:00,Disk Usage %,40.02432378133138
HOST-115AF0E56D335A15,2025-04-26 13:49:00,Memory Usage %,37.984598795572914
HOST-115AF0E56D335A15,2025-04-26 13:49:00,readOps Usage %,0.08921899729304844
HOST-115AF0E56D335A15,2025-04-26 13:49:00,writeOps Usage %,7.104482120937771
HOST-115AF0E56D335A15,2025-04-26 13:50:00,CPU Usage %,1.1244099934895833
HOST-115AF0E56D335A15,2025-04-26 13:50:00,Disk Usage %,40.02475950453016
HOST-115AF0E56D335A15,2025-04-26 13:50:00,Memory Usage %,37.98999532063802
HOST-115AF0E56D335A15,2025-04-26 13:50:00,readOps Usage %,0.08329135759009255
HOST-115AF0E56D335A15,2025-04-26 13:50:00,writeOps Usage %,4.548034032185872
HOST-115AF0E56D335A15,2025-04-26 13:51:00,CPU Usage %,1.1486307779947917
HOST-115AF0E56D335A15,2025-04-26 13:51:00,Disk Usage %,40.02649222479926
HOST-115AF0E56D335A15,2025-04-26 13:51:00,Memory Usage %,37.99382019042969
HOST-115AF0E56D335A15,2025-04-26 13:51:00,readOps Usage %,0.0
HOST-115AF0E56D335A15,2025-04-26 13:51:00,writeOps Usage %,5.811296515994602
HOST-115AF0E56D335A15,2025-04-26 13:52:00,CPU Usage %,2.0278523763020835
HOST-115AF0E56D335A15,2025-04-26 13:52:00,Disk Usage %,40.02555296156141
HOST-115AF0E56D335A15,2025-04-26 13:52:00,Memory Usage %,38.02554829915365
HOST-115AF0E56D335A15,2025-04-26 13:52:00,readOps Usage %,0.21667740411228606
HOST-115AF0E56D335A15,2025-04-26 13:52:00,writeOps Usage %,6.391408708360459
HOST-115AF0E56D335A15,2025-04-26 13:53:00,CPU Usage %,1.397552490234375
HOST-115AF0E56D335A15,2025-04-26 13:53:00,Disk Usage %,40.0230335659451
HOST-115AF0E56D335A15,2025-04-26 13:53:00,Memory Usage %,38.04492696126302
HOST-115AF0E56D335A15,2025-04-26 13:53:00,readOps Usage %,0.09158757328987122
HOST-115AF0E56D335A15,2025-04-26 13:53:00,writeOps Usage %,7.457779142591687
HOST-115AF0E56D335A15,2025-04-26 13:54:00,CPU Usage %,1.1292622884114583
HOST-115AF0E56D335A15,2025-04-26 13:54:00,Disk Usage %,40.023064083523224
HOST-115AF0E56D335A15,2025-04-26 13:54:00,Memory Usage %,38.02413431803385
HOST-115AF0E56D335A15,2025-04-26 13:54:00,readOps Usage %,0.0
HOST-115AF0E56D335A15,2025-04-26 13:54:00,writeOps Usage %,5.669561545054118
HOST-115AF0E56D335A15,2025-04-26 13:55:00,CPU Usage %,1.16650390625
HOST-115AF0E56D335A15,2025-04-26 13:55:00,Disk Usage %,40.024177975124786
HOST-115AF0E56D335A15,2025-04-26 13:55:00,Memory Usage %,38.01042683919271
HOST-115AF0E56D335A15,2025-04-26 13:55:00,readOps Usage %,0.02502252161502838
HOST-115AF0E56D335A15,2025-04-26 13:55:00,writeOps Usage %,4.838994105656941
HOST-115AF0E56D335A15,2025-04-26 13:56:00,CPU Usage %,3.3553670247395835
HOST-115AF0E56D335A15,2025-04-26 13:56:00,Disk Usage %,40.02966096666125
HOST-115AF0E56D335A15,2025-04-26 13:56:00,Memory Usage %,38.02144877115885
HOST-115AF0E56D335A15,2025-04-26 13:56:00,readOps Usage %,0.028121458159552682
HOST-115AF0E56D335A15,2025-04-26 13:56:00,writeOps Usage %,6.245443556043836
HOST-115AF0E56D335A15,2025-04-26 13:57:00,CPU Usage %,0.7332356770833334
HOST-115AF0E56D335A15,2025-04-26 13:57:00,Disk Usage %,40.02922693888346
HOST-115AF0E56D335A15,2025-04-26 13:57:00,Memory Usage %,38.03442891438802
HOST-115AF0E56D335A15,2025-04-26 13:57:00,readOps Usage %,0.2999527057011922
HOST-115AF0E56D335A15,2025-04-26 13:57:00,writeOps Usage %,5.946863704257541
HOST-115AF0E56D335A15,2025-04-26 13:58:00,CPU Usage %,0.940216064453125
HOST-115AF0E56D335A15,2025-04-26 13:58:00,Disk Usage %,40.026865217420784
HOST-115AF0E56D335A15,2025-04-26 13:58:00,Memory Usage %,38.04426574707031
HOST-115AF0E56D335A15,2025-04-26 13:58:00,readOps Usage %,0.08356732130050659
HOST-115AF0E56D335A15,2025-04-26 13:58:00,writeOps Usage %,5.073665844069587
HOST-115AF0E56D335A15,2025-04-26 13:59:00,CPU Usage %,0.8105265299479166
HOST-115AF0E56D335A15,2025-04-26 13:59:00,Disk Usage %,40.02778413560656
HOST-115AF0E56D335A15,2025-04-26 13:59:00,Memory Usage %,38.02410380045573
HOST-115AF0E56D335A15,2025-04-26 13:59:00,readOps Usage %,0.0
HOST-115AF0E56D335A15,2025-04-26 13:59:00,writeOps Usage %,5.782171434826321
HOST-115AF0E56D335A15,2025-04-26 14:00:00,CPU Usage %,2.731353759765625
HOST-115AF0E56D335A15,2025-04-26 14:00:00,Disk Usage %,40.02823172675239
HOST-115AF0E56D335A15,2025-04-26 14:00:00,Memory Usage %,38.01602681477865
HOST-115AF0E56D335A15,2025-04-26 14:00:00,readOps Usage %,0.0
HOST-115AF0E56D335A15,2025-04-26 14:00:00,writeOps Usage %,67.88334303432042
HOST-115AF0E56D335A15,2025-04-26 14:01:00,CPU Usage %,1.2441813151041667
HOST-115AF0E56D335A15,2025-04-26 14:01:00,Disk Usage %,40.03044086032443
HOST-115AF0E56D335A15,2025-04-26 14:01:00,Memory Usage %,37.99560546875
HOST-115AF0E56D335A15,2025-04-26 14:01:00,readOps Usage %,0.3496503432591756
HOST-115AF0E56D335A15,2025-04-26 14:01:00,writeOps Usage %,6.518328295813667
HOST-115AF0E56D335A15,2025-04-26 14:02:00,CPU Usage %,0.857147216796875
HOST-115AF0E56D335A15,2025-04-26 14:02:00,Disk Usage %,40.029793209499786
HOST-115AF0E56D335A15,2025-04-26 14:02:00,Memory Usage %,37.96209208170573
HOST-115AF0E56D335A15,2025-04-26 14:02:00,readOps Usage %,0.29964375495910645
HOST-115AF0E56D335A15,2025-04-26 14:02:00,writeOps Usage %,5.668254322475857
HOST-115AF0E56D335A15,2025-04-26 14:03:00,CPU Usage %,1.2218526204427083
HOST-115AF0E56D335A15,2025-04-26 14:03:00,Disk Usage %,40.026417626274956
HOST-115AF0E56D335A15,2025-04-26 14:03:00,Memory Usage %,37.96536763509115
HOST-115AF0E56D335A15,2025-04-26 14:03:00,readOps Usage %,0.016665000468492508
HOST-115AF0E56D335A15,2025-04-26 14:03:00,writeOps Usage %,5.109632624520196
HOST-115AF0E56D335A15,2025-04-26 14:04:00,CPU Usage %,0.7859700520833334
HOST-115AF0E56D335A15,2025-04-26 14:04:00,Disk Usage %,40.02727720472547
HOST-115AF0E56D335A15,2025-04-26 14:04:00,Memory Usage %,37.942138671875
HOST-115AF0E56D335A15,2025-04-26 14:04:00,readOps Usage %,0.08320852120717366
HOST-115AF0E56D335A15,2025-04-26 14:04:00,writeOps Usage %,6.157206402884589
HOST-115AF0E56D335A15,2025-04-26 14:05:00,CPU Usage %,1.0989786783854167
HOST-115AF0E56D335A15,2025-04-26 14:05:00,Disk Usage %,40.027597639295784
HOST-115AF0E56D335A15,2025-04-26 14:05:00,Memory Usage %,37.94180806477865
HOST-115AF0E56D335A15,2025-04-26 14:05:00,readOps Usage %,0.00833833652238051
HOST-115AF0E56D335A15,2025-04-26 14:05:00,writeOps Usage %,5.439235899183484
HOST-115AF0E56D335A15,2025-04-26 14:06:00,CPU Usage %,3.2817789713541665
HOST-115AF0E56D335A15,2025-04-26 14:06:00,Disk Usage %,40.02921676635742
HOST-115AF0E56D335A15,2025-04-26 14:06:00,Memory Usage %,37.95220438639323
HOST-115AF0E56D335A15,2025-04-26 14:06:00,readOps Usage %,0.008296827475229899
HOST-115AF0E56D335A15,2025-04-26 14:06:00,writeOps Usage %,5.510107556978862
HOST-115AF0E56D335A15,2025-04-26 14:07:00,CPU Usage %,0.75909423828125
HOST-115AF0E56D335A15,2025-04-26 14:07:00,Disk Usage %,40.02797402275933
HOST-115AF0E56D335A15,2025-04-26 14:07:00,Memory Usage %,37.994852701822914
HOST-115AF0E56D335A15,2025-04-26 14:07:00,readOps Usage %,0.31758445501327515
HOST-115AF0E56D335A15,2025-04-26 14:07:00,writeOps Usage %,5.225157525804307
HOST-115AF0E56D335A15,2025-04-26 14:08:00,CPU Usage %,0.8523966471354166
HOST-115AF0E56D335A15,2025-04-26 14:08:00,Disk Usage %,40.02560891045464
HOST-115AF0E56D335A15,2025-04-26 14:08:00,Memory Usage %,38.008809407552086
HOST-115AF0E56D335A15,2025-04-26 14:08:00,readOps Usage %,0.191327432791392
HOST-115AF0E56D335A15,2025-04-26 14:08:00,writeOps Usage %,5.555296394560073
HOST-115AF0E56D335A15,2025-04-26 14:09:00,CPU Usage %,1.0411275227864583
HOST-115AF0E56D335A15,2025-04-26 14:09:00,Disk Usage %,40.0265007019043
HOST-115AF0E56D335A15,2025-04-26 14:09:00,Memory Usage %,38.01855977376302
HOST-115AF0E56D335A15,2025-04-26 14:09:00,readOps Usage %,0.0
HOST-115AF0E56D335A15,2025-04-26 14:09:00,writeOps Usage %,5.271890481313069
HOST-115AF0E56D335A15,2025-04-26 14:10:00,CPU Usage %,0.7386576334635416
HOST-115AF0E56D335A15,2025-04-26 14:10:00,Disk Usage %,40.02693303426107
HOST-115AF0E56D335A15,2025-04-26 14:10:00,Memory Usage %,38.02667236328125
HOST-115AF0E56D335A15,2025-04-26 14:10:00,readOps Usage %,0.0
HOST-115AF0E56D335A15,2025-04-26 14:10:00,writeOps Usage %,6.1711006959279375
HOST-115AF0E56D335A15,2025-04-26 14:11:00,CPU Usage %,0.9350077311197916
HOST-115AF0E56D335A15,2025-04-26 14:11:00,Disk Usage %,40.028694576687286
HOST-115AF0E56D335A15,2025-04-26 14:11:00,Memory Usage %,37.99378967285156
HOST-115AF0E56D335A15,2025-04-26 14:11:00,readOps Usage %,0.0
HOST-115AF0E56D335A15,2025-04-26 14:11:00,writeOps Usage %,5.9026172161102295
HOST-115AF0E56D335A15,2025-04-26 14:12:00,CPU Usage %,1.126373291015625
HOST-115AF0E56D335A15,2025-04-26 14:12:00,Disk Usage %,40.028204600016274
HOST-115AF0E56D335A15,2025-04-26 14:12:00,Memory Usage %,37.93189493815104
HOST-115AF0E56D335A15,2025-04-26 14:12:00,readOps Usage %,0.3508979876836141
HOST-115AF0E56D335A15,2025-04-26 14:12:00,writeOps Usage %,4.65547870265113
HOST-115AF0E56D335A15,2025-04-26 14:13:00,CPU Usage %,0.7604268391927084
HOST-115AF0E56D335A15,2025-04-26 14:13:00,Disk Usage %,40.02590221828885
HOST-115AF0E56D335A15,2025-04-26 14:13:00,Memory Usage %,37.94306945800781
HOST-115AF0E56D335A15,2025-04-26 14:13:00,readOps Usage %,0.08448229233423869
HOST-115AF0E56D335A15,2025-04-26 14:13:00,writeOps Usage %,5.5985731681187945
HOST-115AF0E56D335A15,2025-04-26 14:14:00,CPU Usage %,0.8059488932291666
HOST-115AF0E56D335A15,2025-04-26 14:14:00,Disk Usage %,40.02679740058051
HOST-115AF0E56D335A15,2025-04-26 14:14:00,Memory Usage %,37.93663533528646
HOST-115AF0E56D335A15,2025-04-26 14:14:00,readOps Usage %,0.0
HOST-115AF0E56D335A15,2025-04-26 14:14:00,writeOps Usage %,5.964052279790242
HOST-115AF0E56D335A15,2025-04-26 14:15:00,CPU Usage %,1.1618550618489583
HOST-115AF0E56D335A15,2025-04-26 14:15:00,Disk Usage %,40.027207692464195
HOST-115AF0E56D335A15,2025-04-26 14:15:00,Memory Usage %,37.93781534830729
HOST-115AF0E56D335A15,2025-04-26 14:15:00,readOps Usage %,0.008313381423552832
HOST-115AF0E56D335A15,2025-04-26 14:15:00,writeOps Usage %,6.018620444668664
HOST-115AF0E56D335A15,2025-04-26 14:16:00,CPU Usage %,3.4203592936197915
HOST-115AF0E56D335A15,2025-04-26 14:16:00,Disk Usage %,40.028938717312286
HOST-115AF0E56D335A15,2025-04-26 14:16:00,Memory Usage %,37.93617248535156
HOST-115AF0E56D335A15,2025-04-26 14:16:00,readOps Usage %,0.317492147286733
HOST-115AF0E56D335A15,2025-04-26 14:16:00,writeOps Usage %,6.1590028868781195
HOST-115AF0E56D335A15,2025-04-26 14:17:00,CPU Usage %,0.7185262044270834
HOST-115AF0E56D335A15,2025-04-26 14:17:00,Disk Usage %,40.028492821587456
HOST-115AF0E56D335A15,2025-04-26 14:17:00,Memory Usage %,37.94957478841146
HOST-115AF0E56D335A15,2025-04-26 14:17:00,readOps Usage %,0.3001400828361511
HOST-115AF0E56D335A15,2025-04-26 14:17:00,writeOps Usage %,5.527458727359772
HOST-115AF0E56D335A15,2025-04-26 14:18:00,CPU Usage %,0.87054443359375
HOST-115AF0E56D335A15,2025-04-26 14:18:00,Disk Usage %,40.026131100124786
HOST-115AF0E56D335A15,2025-04-26 14:18:00,Memory Usage %,37.94960021972656
HOST-115AF0E56D335A15,2025-04-26 14:18:00,readOps Usage %,0.0166950486600399
HOST-115AF0E56D335A15,2025-04-26 14:18:00,writeOps Usage %,4.715323388576508
HOST-115AF0E56D335A15,2025-04-26 14:19:00,CPU Usage %,0.7444254557291666
HOST-115AF0E56D335A15,2025-04-26 14:19:00,Disk Usage %,40.02701102362739
HOST-115AF0E56D335A15,2025-04-26 14:19:00,Memory Usage %,37.9459482828776
HOST-115AF0E56D335A15,2025-04-26 14:19:00,readOps Usage %,0.0
HOST-115AF0E56D335A15,2025-04-26 14:19:00,writeOps Usage %,4.873199621836345
HOST-115AF0E56D335A15,2025-04-26 14:20:00,CPU Usage %,0.738311767578125
HOST-115AF0E56D335A15,2025-04-26 14:20:00,Disk Usage %,40.027414533827034
HOST-115AF0E56D335A15,2025-04-26 14:20:00,Memory Usage %,37.96429443359375
HOST-115AF0E56D335A15,2025-04-26 14:20:00,readOps Usage %,0.083575705687205
HOST-115AF0E56D335A15,2025-04-26 14:20:00,writeOps Usage %,5.574497222900391
HOST-115AF0E56D335A15,2025-04-26 14:21:00,CPU Usage %,2.8107198079427085
HOST-115AF0E56D335A15,2025-04-26 14:21:00,Disk Usage %,40.029221852620445
HOST-115AF0E56D335A15,2025-04-26 14:21:00,Memory Usage %,37.96508280436198
HOST-115AF0E56D335A15,2025-04-26 14:21:00,readOps Usage %,0.0
HOST-115AF0E56D335A15,2025-04-26 14:21:00,writeOps Usage %,54.87422286139594
HOST-115AF0E56D335A15,2025-04-26 14:22:00,CPU Usage %,0.8669942220052084
HOST-115AF0E56D335A15,2025-04-26 14:22:00,Disk Usage %,40.029182857937286
HOST-115AF0E56D335A15,2025-04-26 14:22:00,Memory Usage %,38.01496887207031
HOST-115AF0E56D335A15,2025-04-26 14:22:00,readOps Usage %,0.29149146874745685
HOST-115AF0E56D335A15,2025-04-26 14:22:00,writeOps Usage %,5.9737341668870725
HOST-115AF0E56D335A15,2025-04-26 14:23:00,CPU Usage %,0.679412841796875
HOST-115AF0E56D335A15,2025-04-26 14:23:00,Disk Usage %,40.026670244005
HOST-115AF0E56D335A15,2025-04-26 14:23:00,Memory Usage %,38.03984578450521
HOST-115AF0E56D335A15,2025-04-26 14:23:00,readOps Usage %,0.09157426158587138
HOST-115AF0E56D335A15,2025-04-26 14:23:00,writeOps Usage %,4.335922082265218
HOST-115AF0E56D335A15,2025-04-26 14:24:00,CPU Usage %,1.145843505859375
HOST-115AF0E56D335A15,2025-04-26 14:24:00,Disk Usage %,40.02670754326714
HOST-115AF0E56D335A15,2025-04-26 14:24:00,Memory Usage %,38.0274403889974
HOST-115AF0E56D335A15,2025-04-26 14:24:00,readOps Usage %,0.016643366465965908
HOST-115AF0E56D335A15,2025-04-26 14:24:00,writeOps Usage %,6.1955706808302144
HOST-115AF0E56D335A15,2025-04-26 14:25:00,CPU Usage %,1.0587870279947917
HOST-115AF0E56D335A15,2025-04-26 14:25:00,Disk Usage %,40.02713987562391
HOST-115AF0E56D335A15,2025-04-26 14:25:00,Memory Usage %,38.04045104980469
HOST-115AF0E56D335A15,2025-04-26 14:25:00,readOps Usage %,0.058344180385271706
HOST-115AF0E56D335A15,2025-04-26 14:25:00,writeOps Usage %,5.610501289367676
HOST-115AF0E56D335A15,2025-04-26 14:26:00,CPU Usage %,3.4870503743489585
HOST-115AF0E56D335A15,2025-04-26 14:26:00,Disk Usage %,40.02892515394422
HOST-115AF0E56D335A15,2025-04-26 14:26:00,Memory Usage %,38.11779276529948
HOST-115AF0E56D335A15,2025-04-26 14:26:00,readOps Usage %,0.20834906895955405
HOST-115AF0E56D335A15,2025-04-26 14:26:00,writeOps Usage %,7.619751400417751
HOST-115AF0E56D335A15,2025-04-26 14:27:00,CPU Usage %,0.7691243489583334
HOST-115AF0E56D335A15,2025-04-26 14:27:00,Disk Usage %,40.0284046596951
HOST-115AF0E56D335A15,2025-04-26 14:27:00,Memory Usage %,38.09465026855469
HOST-115AF0E56D335A15,2025-04-26 14:27:00,readOps Usage %,0.7639042536417643
HOST-115AF0E56D335A15,2025-04-26 14:27:00,writeOps Usage %,6.723596784803603
HOST-115AF0E56D335A15,2025-04-26 14:28:00,CPU Usage %,1.0244547526041667
HOST-115AF0E56D335A15,2025-04-26 14:28:00,Disk Usage %,40.026507483588325
HOST-115AF0E56D335A15,2025-04-26 14:28:00,Memory Usage %,38.036590576171875
HOST-115AF0E56D335A15,2025-04-26 14:28:00,readOps Usage %,0.14987696210543314
HOST-115AF0E56D335A15,2025-04-26 14:28:00,writeOps Usage %,5.096286402808295
HOST-115AF0E56D335A15,2025-04-26 14:29:00,CPU Usage %,1.2228291829427083
HOST-115AF0E56D335A15,2025-04-26 14:29:00,Disk Usage %,40.03103595309787
HOST-115AF0E56D335A15,2025-04-26 14:29:00,Memory Usage %,38.012491861979164
HOST-115AF0E56D335A15,2025-04-26 14:29:00,readOps Usage %,0.0
HOST-115AF0E56D335A15,2025-04-26 14:29:00,writeOps Usage %,6.243988778856065
HOST-115AF0E56D335A15,2025-04-26 14:30:00,CPU Usage %,1.660858154296875
HOST-115AF0E56D335A15,2025-04-26 14:30:00,Disk Usage %,40.03146828545464
HOST-115AF0E56D335A15,2025-04-26 14:30:00,Memory Usage %,38.001617431640625
HOST-115AF0E56D335A15,2025-04-26 14:30:00,readOps Usage %,0.8398190339406332
HOST-115AF0E56D335A15,2025-04-26 14:30:00,writeOps Usage %,6.901484065585667
HOST-115AF0E56D335A15,2025-04-26 14:31:00,CPU Usage %,1.280731201171875
HOST-115AF0E56D335A15,2025-04-26 14:31:00,Disk Usage %,40.03341462877062
HOST-115AF0E56D335A15,2025-04-26 14:31:00,Memory Usage %,38.0147705078125
HOST-115AF0E56D335A15,2025-04-26 14:31:00,readOps Usage %,0.308179239432017
HOST-115AF0E56D335A15,2025-04-26 14:31:00,writeOps Usage %,12.933495044708252
HOST-115AF0E56D335A15,2025-04-26 14:32:00,CPU Usage %,1.3929239908854167
HOST-115AF0E56D335A15,2025-04-26 14:32:00,Disk Usage %,40.03297551472982
HOST-115AF0E56D335A15,2025-04-26 14:32:00,Memory Usage %,38.037078857421875
HOST-115AF0E56D335A15,2025-04-26 14:32:00,readOps Usage %,0.3070806662241618
HOST-115AF0E56D335A15,2025-04-26 14:32:00,writeOps Usage %,6.226740042368571
HOST-115AF0E56D335A15,2025-04-26 14:33:00,CPU Usage %,0.8861185709635416
HOST-115AF0E56D335A15,2025-04-26 14:33:00,Disk Usage %,40.03063413831922
HOST-115AF0E56D335A15,2025-04-26 14:33:00,Memory Usage %,38.033223470052086
HOST-115AF0E56D335A15,2025-04-26 14:33:00,readOps Usage %,0.11531672502557437
HOST-115AF0E56D335A15,2025-04-26 14:33:00,writeOps Usage %,5.25060960981581
HOST-115AF0E56D335A15,2025-04-26 14:34:00,CPU Usage %,1.9157307942708333
HOST-115AF0E56D335A15,2025-04-26 14:34:00,Disk Usage %,40.0316039191352
HOST-115AF0E56D335A15,2025-04-26 14:34:00,Memory Usage %,37.43196105957031
HOST-115AF0E56D335A15,2025-04-26 14:34:00,readOps Usage %,0.1002004047234853
HOST-115AF0E56D335A15,2025-04-26 14:34:00,writeOps Usage %,8.950463930765787
HOST-115AF0E56D335A15,2025-04-26 14:35:00,CPU Usage %,1.6891072591145833
HOST-115AF0E56D335A15,2025-04-26 14:35:00,Disk Usage %,40.03212229410807
HOST-115AF0E56D335A15,2025-04-26 14:35:00,Memory Usage %,37.056681315104164
HOST-115AF0E56D335A15,2025-04-26 14:35:00,readOps Usage %,0.038870658311578966
HOST-115AF0E56D335A15,2025-04-26 14:35:00,writeOps Usage %,5.377217557695176
HOST-115AF0E56D335A15,2025-04-26 14:36:00,CPU Usage %,3.0405985514322915
HOST-115AF0E56D335A15,2025-04-26 14:36:00,Disk Usage %,40.03389316134982
HOST-115AF0E56D335A15,2025-04-26 14:36:00,Memory Usage %,37.05237325032552
HOST-115AF0E56D335A15,2025-04-26 14:36:00,readOps Usage %,0.0
HOST-115AF0E56D335A15,2025-04-26 14:36:00,writeOps Usage %,5.786172072092692
HOST-115AF0E56D335A15,2025-04-26 14:37:00,CPU Usage %,1.944549560546875
HOST-115AF0E56D335A15,2025-04-26 14:37:00,Disk Usage %,40.03344048394097
HOST-115AF0E56D335A15,2025-04-26 14:37:00,Memory Usage %,37.01349894205729
HOST-115AF0E56D335A15,2025-04-26 14:37:00,readOps Usage %,0.22149446441067588
HOST-115AF0E56D335A15,2025-04-26 14:37:00,writeOps Usage %,7.342501746283638
HOST-115AF0E56D335A15,2025-04-26 14:38:00,CPU Usage %,3.66925048828125
HOST-115AF0E56D335A15,2025-04-26 14:38:00,Disk Usage %,40.03128136528863
HOST-115AF0E56D335A15,2025-04-26 14:38:00,Memory Usage %,37.10564676920573
HOST-115AF0E56D335A15,2025-04-26 14:38:00,readOps Usage %,0.08329168955485027
HOST-115AF0E56D335A15,2025-04-26 14:38:00,writeOps Usage %,9.077739848030937
HOST-115AF0E56D335A15,2025-04-26 14:39:00,CPU Usage %,1.6074625651041667
HOST-115AF0E56D335A15,2025-04-26 14:39:00,Disk Usage %,40.032257080078125
HOST-115AF0E56D335A15,2025-04-26 14:39:00,Memory Usage %,37.10564676920573
HOST-115AF0E56D335A15,2025-04-26 14:39:00,readOps Usage %,0.025765227774779003
HOST-115AF0E56D335A15,2025-04-26 14:39:00,writeOps Usage %,8.877337137858072
HOST-115AF0E56D335A15,2025-04-26 14:40:00,CPU Usage %,1.0855712890625
HOST-115AF0E56D335A15,2025-04-26 14:40:00,Disk Usage %,40.03265550401476
HOST-115AF0E56D335A15,2025-04-26 14:40:00,Memory Usage %,37.08849589029948
HOST-115AF0E56D335A15,2025-04-26 14:40:00,readOps Usage %,0.0
HOST-115AF0E56D335A15,2025-04-26 14:40:00,writeOps Usage %,5.116165849897596
HOST-115AF0E56D335A15,2025-04-26 14:41:00,CPU Usage %,1.1046040852864583
HOST-115AF0E56D335A15,2025-04-26 14:41:00,Disk Usage %,40.03437720404731
HOST-115AF0E56D335A15,2025-04-26 14:41:00,Memory Usage %,37.06639099121094
HOST-115AF0E56D335A15,2025-04-26 14:41:00,readOps Usage %,0.008339170987407366
HOST-115AF0E56D335A15,2025-04-26 14:41:00,writeOps Usage %,7.488236559761895
HOST-115AF0E56D335A15,2025-04-26 14:42:00,CPU Usage %,1.9247233072916667
HOST-115AF0E56D335A15,2025-04-26 14:42:00,Disk Usage %,40.03394317626953
HOST-115AF0E56D335A15,2025-04-26 14:42:00,Memory Usage %,37.10242207845052
HOST-115AF0E56D335A15,2025-04-26 14:42:00,readOps Usage %,0.30813948313395184
HOST-115AF0E56D335A15,2025-04-26 14:42:00,writeOps Usage %,5.67505497402615
HOST-115AF0E56D335A15,2025-04-26 14:43:00,CPU Usage %,0.7663167317708334
HOST-115AF0E56D335A15,2025-04-26 14:43:00,Disk Usage %,40.031591627332894
HOST-115AF0E56D335A15,2025-04-26 14:43:00,Memory Usage %,37.1204579671224
HOST-115AF0E56D335A15,2025-04-26 14:43:00,readOps Usage %,0.13316230972607931
HOST-115AF0E56D335A15,2025-04-26 14:43:00,writeOps Usage %,7.15036153793335
HOST-115AF0E56D335A15,2025-04-26 14:44:00,CPU Usage %,1.0486857096354167
HOST-115AF0E56D335A15,2025-04-26 14:44:00,Disk Usage %,40.032508850097656
HOST-115AF0E56D335A15,2025-04-26 14:44:00,Memory Usage %,37.11864725748698
HOST-115AF0E56D335A15,2025-04-26 14:44:00,readOps Usage %,0.1082142988840739
HOST-115AF0E56D335A15,2025-04-26 14:44:00,writeOps Usage %,7.761081695556641
HOST-115AF0E56D335A15,2025-04-26 14:45:00,CPU Usage %,1.8316446940104167
HOST-115AF0E56D335A15,2025-04-26 14:45:00,Disk Usage %,40.032859802246094
HOST-115AF0E56D335A15,2025-04-26 14:45:00,Memory Usage %,37.17168172200521
HOST-115AF0E56D335A15,2025-04-26 14:45:00,readOps Usage %,0.04163087159395218
HOST-115AF0E56D335A15,2025-04-26 14:45:00,writeOps Usage %,5.562371995713975
HOST-115AF0E56D335A15,2025-04-26 14:46:00,CPU Usage %,3.4713643391927085
HOST-115AF0E56D335A15,2025-04-26 14:46:00,Disk Usage %,40.034692552354606
HOST-115AF0E56D335A15,2025-04-26 14:46:00,Memory Usage %,37.15386962890625
HOST-115AF0E56D335A15,2025-04-26 14:46:00,readOps Usage %,0.038883387628528804
HOST-115AF0E56D335A15,2025-04-26 14:46:00,writeOps Usage %,14.248227990335886
HOST-115AF0E56D335A15,2025-04-26 14:47:00,CPU Usage %,2.21722412109375
HOST-115AF0E56D335A15,2025-04-26 14:47:00,Disk Usage %,40.03417714436849
HOST-115AF0E56D335A15,2025-04-26 14:47:00,Memory Usage %,37.16278584798177
HOST-115AF0E56D335A15,2025-04-26 14:47:00,readOps Usage %,0.30818841854731244
HOST-115AF0E56D335A15,2025-04-26 14:47:00,writeOps Usage %,45.21480014589097
HOST-115AF0E56D335A15,2025-04-26 14:48:00,CPU Usage %,3.951629638671875
HOST-115AF0E56D335A15,2025-04-26 14:48:00,Disk Usage %,40.0292960272895
HOST-115AF0E56D335A15,2025-04-26 14:48:00,Memory Usage %,37.17052205403646
HOST-115AF0E56D335A15,2025-04-26 14:48:00,readOps Usage %,3.3579359029730163
HOST-115AF0E56D335A15,2025-04-26 14:48:00,writeOps Usage %,89.45917953385248
HOST-115AF0E56D335A15,2025-04-26 14:49:00,CPU Usage %,0.6255289713541666
HOST-115AF0E56D335A15,2025-04-26 14:49:00,Disk Usage %,40.032217237684456
HOST-115AF0E56D335A15,2025-04-26 14:49:00,Memory Usage %,37.15910847981771
HOST-115AF0E56D335A15,2025-04-26 14:49:00,readOps Usage %,0.08323345084985097
HOST-115AF0E56D335A15,2025-04-26 14:49:00,writeOps Usage %,4.54574351840549
HOST-115AF0E56D335A15,2025-04-26 14:50:00,CPU Usage %,1.7018229166666667
HOST-115AF0E56D335A15,2025-04-26 14:50:00,Disk Usage %,40.032641092936196
HOST-115AF0E56D335A15,2025-04-26 14:50:00,Memory Usage %,37.230316162109375
HOST-115AF0E56D335A15,2025-04-26 14:50:00,readOps Usage %,0.3103373448053996
HOST-115AF0E56D335A15,2025-04-26 14:50:00,writeOps Usage %,5.891448020935059
HOST-115AF0E56D335A15,2025-04-26 14:51:00,CPU Usage %,1.2911376953125
HOST-115AF0E56D335A15,2025-04-26 14:51:00,Disk Usage %,40.0322265625
HOST-115AF0E56D335A15,2025-04-26 14:51:00,Memory Usage %,37.2722422281901
HOST-115AF0E56D335A15,2025-04-26 14:51:00,readOps Usage %,0.0
HOST-115AF0E56D335A15,2025-04-26 14:51:00,writeOps Usage %,6.397942437065972
HOST-115AF0E56D335A15,2025-04-26 14:52:00,CPU Usage %,2.4112345377604165
HOST-115AF0E56D335A15,2025-04-26 14:52:00,Disk Usage %,40.02099948459201
HOST-115AF0E56D335A15,2025-04-26 14:52:00,Memory Usage %,37.3017323811849
HOST-115AF0E56D335A15,2025-04-26 14:52:00,readOps Usage %,3.1420275438576937
HOST-115AF0E56D335A15,2025-04-26 14:52:00,writeOps Usage %,13.36392663584815
HOST-115AF0E56D335A15,2025-04-26 14:53:00,CPU Usage %,1.7092488606770833
HOST-115AF0E56D335A15,2025-04-26 14:53:00,Disk Usage %,40.0182630750868
HOST-115AF0E56D335A15,2025-04-26 14:53:00,Memory Usage %,37.333048502604164
HOST-115AF0E56D335A15,2025-04-26 14:53:00,readOps Usage %,0.07481296857198079
HOST-115AF0E56D335A15,2025-04-26 14:53:00,writeOps Usage %,21.92647796207004
HOST-115AF0E56D335A15,2025-04-26 14:54:00,CPU Usage %,1.14117431640625
HOST-115AF0E56D335A15,2025-04-26 14:54:00,Disk Usage %,40.01923116048177
HOST-115AF0E56D335A15,2025-04-26 14:54:00,Memory Usage %,37.302734375
HOST-115AF0E56D335A15,2025-04-26 14:54:00,readOps Usage %,0.2163782219092051
HOST-115AF0E56D335A15,2025-04-26 14:54:00,writeOps Usage %,6.054382536146377
HOST-115AF0E56D335A15,2025-04-26 14:55:00,CPU Usage %,1.6542256673177083
HOST-115AF0E56D335A15,2025-04-26 14:55:00,Disk Usage %,40.01997375488281
HOST-115AF0E56D335A15,2025-04-26 14:55:00,Memory Usage %,37.24011739095052
HOST-115AF0E56D335A15,2025-04-26 14:55:00,readOps Usage %,0.049967801405323885
HOST-115AF0E56D335A15,2025-04-26 14:55:00,writeOps Usage %,6.624047491285535
HOST-115AF0E56D335A15,2025-04-26 14:56:00,CPU Usage %,2.949462890625
HOST-115AF0E56D335A15,2025-04-26 14:56:00,Disk Usage %,40.02179124620226
HOST-115AF0E56D335A15,2025-04-26 14:56:00,Memory Usage %,37.25581359863281
HOST-115AF0E56D335A15,2025-04-26 14:56:00,readOps Usage %,0.0
HOST-115AF0E56D335A15,2025-04-26 14:56:00,writeOps Usage %,5.642704248428345
HOST-115AF0E56D335A15,2025-04-26 14:57:00,CPU Usage %,1.39697265625
HOST-115AF0E56D335A15,2025-04-26 14:57:00,Disk Usage %,40.02181159125434
HOST-115AF0E56D335A15,2025-04-26 14:57:00,Memory Usage %,37.33252461751302
HOST-115AF0E56D335A15,2025-04-26 14:57:00,readOps Usage %,0.31735249360402423
HOST-115AF0E56D335A15,2025-04-26 14:57:00,writeOps Usage %,8.205732345581055
HOST-115AF0E56D335A15,2025-04-26 14:58:00,CPU Usage %,1.4721883138020833
HOST-115AF0E56D335A15,2025-04-26 14:58:00,Disk Usage %,40.0194346110026
HOST-115AF0E56D335A15,2025-04-26 14:58:00,Memory Usage %,37.304484049479164
HOST-115AF0E56D335A15,2025-04-26 14:58:00,readOps Usage %,0.13323845465977988
HOST-115AF0E56D335A15,2025-04-26 14:58:00,writeOps Usage %,6.741177876790364
HOST-115AF0E56D335A15,2025-04-26 14:59:00,CPU Usage %,1.0228169759114583
HOST-115AF0E56D335A15,2025-04-26 14:59:00,Disk Usage %,40.02054002549914
HOST-115AF0E56D335A15,2025-04-26 14:59:00,Memory Usage %,37.279510498046875
HOST-115AF0E56D335A15,2025-04-26 14:59:00,readOps Usage %,0.0
HOST-115AF0E56D335A15,2025-04-26 14:59:00,writeOps Usage %,6.951531993018256
HOST-115AF0E56D335A15,2025-04-26 15:00:00,CPU Usage %,1.579803466796875
HOST-115AF0E56D335A15,2025-04-26 15:00:00,Disk Usage %,40.02164204915365
HOST-115AF0E56D335A15,2025-04-26 15:00:00,Memory Usage %,37.251993815104164
HOST-115AF0E56D335A15,2025-04-26 15:00:00,readOps Usage %,0.025025025010108948
HOST-115AF0E56D335A15,2025-04-26 15:00:00,writeOps Usage %,19.615378538767498
